ïiî‘,é˚óeêî
W2012-102,100
W4042-102,100
W8012-102,100
WA012-102,100
WB022-102,100
W0012-103,100
W2012-103,100
W6092-103,100
WB012-103,100
WB022-103,100
X0012-102,100
X2202-102,100
X0012-103,100
X2012-103,100
Z0072-103,100
Z1062-103,100
71012-102,120
73032-102,160
P9042-102,120
P9052-102,120
P0062-103,80
P0012-103,80
P3012-103,80
P1302-103,80
P9042-103,80
P2852-103,80
P4032-103,80
15012-102,100
15032-102,100
15042-102,100
15012-103,100
15022-103,100
15052-103,100
15372-103,100
18012-102,100
18012-103,100
18172-102,100
18172-103,100
62012-102,100
62012-103,100
64012-102,100
64012-103,100
E3222-101,300
E6222-101,300
L3062-101,180
LA012-101,180
JA012-101,180
JA122-101,180
K3062-101,140
K3082-101,140
L8012-101,140
L8132-101,140
KL012-101,120
JB352-101,140
JB422-101,140
JB972-101,140
JB042-101,140
DB032-101,140
KG272-101,140
KG422-101,120
KV012-101,160
KU012-101,160
DB742-101,140
KC012-101,140
L6572-101,140
L6112-101,140
L6202-101,140
L6242-101,140
KC152-101,160
KC222-101,140
KC302-101,160
KC422-101,140
KC502-101,120
DK012-101,160
K9912-101,120
L9012-101,120
L9392-101,120
L9032-101,120
L9542-101,160
L9042-101,160
L9072-101,120
L9142-101,120
KE012-101,160
L9532-101,120
LU052-101,120
L7812-101,120
JC012-101,120
DC122-101,100
DC582-101,120
DC492-101,120
DC672-101,120
DCAX2-101,120
DCDN2-101,120
DC702-101,160
DCB92-101,120
DJ032-101,120
X0262-274,140
B8012-274,240
BJ012-274,300
BJ022-274,300
BJ172-274,300
BJ392-274,300
BK012-274,300
BL012-274,300
A1012-274,100
A1032-274,100
A2032-274,100
A3012-274,100
K2012-274,100
K4012-274,140
LS012-274,140
LA082-274,140
L8032-274,80
L8052-274,80
L8122-274,80
L8132-274,80
L8162-274,80
LF062-274,80
LF102-274,80
K3062-274,80
K3072-274,80
K3082-274,80
K3092-274,80
K3102-274,80
K3182-274,80
L8262-274,80
LF142-274,80
L2012-274,80
L2022-274,80
L2062-274,80
DB012-274,80
DB812-274,80
KN012-274,80
KC012-274,80
KC042-274,80
KC092-274,80
KG012-274,80
KG272-274,80
KF012-274,80
KC152-274,80
KC162-274,80
KC222-274,80
KC302-274,80
KC312-274,80
KC482-274,80
KC442-274,80
KC502-274,60
KC322-274,80
KU012-274,80
KV012-274,80
JG012-274,80
DB762-274,80
DB742-274,80
DB652-274,80
DB842-274,80
DD182-274,80
DB052-274,80
DB582-274,80
DB602-274,80
DB912-274,80
DD072-274,80
JB042-274,80
JB422-274,80
JB662-274,80
JB972-274,80
JBA52-274,80
LG022-274,80
L6022-274,80
L6052-274,80
L6062-274,80
L6072-274,80
L6082-274,100
L6202-274,80
L6242-274,80
JA012-274,120
JA122-274,120
JA142-274,120
KL012-274,80
LK012-274,80
LK022-274,80
LT012-274,80
LT092-274,80
LT102-274,80
K9012-274,80
K9272-274,80
K9282-274,80
K9382-274,80
K9062-274,80
K9912-274,80
KE012-274,80
L9012-274,80
L9392-274,80
L9032-274,80
L9642-274,80
L9042-274,80
L9812-274,80
L9112-274,80
L9142-274,80
LD032-274,80
LD052-274,80
L9462-274,80
LU062-274,80
K0152-274,60
K1012-274,60
K1022-274,60
K5012-274,80
K5472-274,80
K5492-274,80
K5552-274,80
K5582-274,80
K6012-274,60
K6062-274,60
K6092-274,80
K8012-274,60
KB012-274,80
KB172-274,80
KB182-274,80
KB292-274,80
KD012-274,80
KB272-274,80
KB612-274,80
KB642-274,80
KB672-274,80
KB742-274,80
KB762-274,80
KB792-274,80
DC122-274,80
DC202-274,80
L5022-274,80
L5162-274,80
LJ012-274,80
LV012-274,80
L7812-274,60
L7052-274,80
LE882-274,80
LN032-274,80
L7112-274,80
LN422-274,80
KB262-274,80
JC012-274,80
JC422-274,80
JC482-274,80
KH072-274,80
DC292-274,80
DC492-274,80
DC502-274,80
DC682-274,80
DE012-274,80
DCAX2-274,80
DC702-274,80
DCB92-274,80
DCBJ2-274,80
DCDN2-274,80
DJ032-274,60
DJ082-274,80
DG132-274,80
X1072-275,180
X0262-275,240
X0452-275,120
X0492-275,180
B7052-275,240
B8012-275,120
B1012-275,100
B1092-275,120
B1122-275,120
B9092-275,100
B9722-275,120
BE052-275,120
BF052-275,100
BF062-275,100
BF132-275,100
BH012-275,100
BJ012-275,80
BJ032-275,100
BJ042-275,100
BJ062-275,80
BJ072-275,80
BJ082-275,90
BJ092-275,80
BJ152-275,80
BJ202-275,90
BJ282-275,80
BJ392-275,
BK012-275,50
BK032-275,50
BK042-275,50
BK052-275,50
BK062-275,50
BK072-275,50
BK142-275,50
BK172-275,50
BK192-275,50
BK202-275,50
BL012-275,50
BL032-275,50
BL052-275,50
BM012-275,140
BN012-275,100
K2012-275,100
K4012-275,100
L3062-275,100
LS012-275,100
LA162-275,120
L8032-275,100
L8062-275,100
L8122-275,80
L8152-275,80
L8162-275,80
LF022-275,100
LF032-275,100
LF042-275,100
L8262-275,120
K3032-275,120
K3042-275,100
K3092-275,120
K3102-275,120
K3182-275,120
K3212-275,120
K3242-275,120
LF112-275,80
LF182-275,100
LF202-275,80
JA122-275,140
JA012-275,140
KL012-275,120
JB012-275,160
JB032-275,160
JB042-275,100
JBA52-275,100
DB022-275,160
DB502-275,100
DB582-275,140
DB642-275,120
DB762-275,100
DB742-275,140
DB692-275,160
DB912-275,100
DD072-275,120
JB422-275,100
JB872-275,100
JB972-275,100
JB982-275,100
JE012-275,100
JE032-275,100
KF012-275,80
KG012-275,100
KG272-275,100
KV012-275,100
KC152-275,80
KC162-275,80
KC222-275,100
KC302-275,80
KC322-275,80
KC442-275,100
KC502-275,100
KC522-275,80
KC592-275,80
KU012-275,120
KU022-275,100
KC422-275,100
JG012-275,80
KC032-275,160
KC042-275,100
L6022-275,168
L6332-275,160
L6382-275,160
LK012-275,90
LT012-275,80
LT092-275,100
LT102-275,100
DB652-275,100
DB842-275,120
K9912-275,80
KE012-275,80
K9382-275,80
L9012-275,120
L9392-275,100
L9542-275,100
L9812-275,120
L9142-275,100
L9172-275,100
L9232-275,80
LD032-275,100
LD052-275,80
L9472-275,100
L9562-275,100
DD182-275,120
K5472-275,120
KB182-275,80
L7322-275,120
LN012-275,120
L7172-275,126
LJ042-275,80
KB292-275,80
KB322-275,120
KB262-275,80
JC012-275,80
KB212-275,80
KB642-275,80
DC122-275,120
DC182-275,80
DC492-275,80
DC502-275,80
DC562-275,120
DC582-275,80
DC682-275,120
DC912-275,120
DCAX2-275,100
DCAA2-275,120
DCB92-275,120
DC702-275,100
LV012-275,90
DCBJ2-275,100
DJ012-275,100
DJ032-275,80
DJ302-275,100
DG132-275,100
DG262-275,120
E6012-273,80
E1202-273,100
E1242-273,100
E3012-273,80
E3032-273,80
E3092-273,100
E2012-273,100
E2172-273,80
E2292-273,100
E2572-273,80
E2192-273,75
E2752-273,80
E3112-273,100
E3142-273,80
E3152-273,80
E6042-273,80
E6052-273,80
E6062-273,80
E6082-273,80
E8022-273,54
E8072-273,54
E8182-273,60
B3012-273,196
B1012-273,340
BH012-273,240
BJ012-273,240
BK012-273,160
BK212-273,120
BL012-273,120
B3012-145,520
BH012-145,522
BJ012-145,450
BK012-145,350
BK212-145,350
BL012-145,320
L3042-142,700
L8032-142,700
E8012-2AE,100
E8072-2AE,100
HD012-A13,80
HD032-A13,80
B6012-278,40
B4012-278,36
B4052-278,36
B4062-278,36
B4162-278,36
B7032-278,36
B7052-278,36
B7062-278,36
B7082-278,36
B7172-278,36
B7132-278,27
B7192-278,36
B7382-278,36
B7392-278,36
B8012-278,36
B8022-278,27
B8042-278,27
B8112-278,27
B8142-278,27
B2012-278,30
B2022-278,30
B3012-278,30
B3082-278,30
B9012-278,30
B9022-278,30
B9082-278,30
B9092-278,36
B9232-278,30
B9252-278,30
B9372-278,30
B9342-278,30
B9122-278,28
B9132-278,30
B9412-278,36
B9502-278,28
B9162-278,28
B9722-278,30
B9752-278,30
B1012-278,36
B1032-278,32
B1022-278,36
B1092-278,30
B1112-278,32
B1122-278,36
BA012-278,30
BA022-278,30
BA062-278,30
BA082-278,30
BA092-278,30
BA102-278,30
BA112-278,30
BA172-278,36
BA182-278,28
BA212-278,36
BA262-278,36
BA272-278,30
BA432-278,30
BB012-278,36
BE012-278,40
BE052-278,32
BF012-278,30
BF022-278,30
BF032-278,30
BF042-278,28
BF052-278,30
BF062-278,30
BF132-278,30
BG012-278,40
BH012-278,30
BH272-278,30
BH322-278,
BJ012-278,40
BJ032-278,40
BJ042-278,40
BJ062-278,40
BJ072-278,26
BJ082-278,40
BJ092-278,30
BJ152-278,40
BJ172-278,20
BJ202-278,32
BJ262-278,36
BJ282-278,30
BJ302-278,40
BJ362-278,40
BJ372-278,20
BJ432-278,40
BJ462-278,40
BK012-278,40
BK032-278,30
BK042-278,40
BK052-278,40
BK062-278,32
BK072-278,40
BK142-278,30
BK192-278,30
BK202-278,30
BK212-278,20
BK252-278,40
BK282-278,30
BL012-278,30
BL032-278,20
BL052-278,20
BM012-278,30
BN012-278,20
BP012-278,20
BS012-278,12
